<?xml version="1.0" encoding="utf-8" ?> 
<menuset>

<menu>
    <menuid>1</menuid>
    <imgurl>123</imgurl>
    <menutitle>test1</menutitle>
    <url>test1</url>
    <separatorsize>1</separatorsize>
    <itemwidth>227</itemwidth>
    <margin>3</margin>
    <parentid>0</parentid>
    <showmenu>1</showmenu>
</menu>

<menu>
    <menuid>2</menuid>
    <imgurl>123</imgurl>
    <menutitle>dfas</menutitle>
    <url></url>
    <separatorsize></separatorsize>
    <itemwidth>227</itemwidth>
    <margin>3</margin>
    <parentid>1</parentid>
    <showmenu></showmenu>
</menu>

<menu>
    <menuid>3</menuid>
    <imgurl>123</imgurl>
	<menutitle>adfasf</menutitle>
	<url></url>
	<separatorsize></separatorsize>
	<itemwidth>227</itemwidth>
	<margin>3</margin>
	<parentid>1</parentid>
	<showmenu></showmenu>
</menu>

<menu>
    <menuid>4</menuid>
    <imgurl>123</imgurl>
    <menutitle>test1</menutitle>
    <url>test1</url>
    <separatorsize>1</separatorsize>
    <itemwidth>227</itemwidth>
    <margin>3</margin>
    <parentid>0</parentid>
    <showmenu>4</showmenu>
</menu>

<menu>
    <menuid>5</menuid>
    <imgurl>123</imgurl>
	<menutitle>adfasf</menutitle>
	<url></url>
	<separatorsize></separatorsize>
	<itemwidth>227</itemwidth>
	<margin>3</margin>
	<parentid>4</parentid>
	<showmenu>5</showmenu>
</menu>

<menu>
    <menuid>6</menuid>
    <imgurl>123123123</imgurl>
	<menutitle>adfasf123</menutitle>
	<url></url>
	<separatorsize></separatorsize>
	<itemwidth>227</itemwidth>
	<margin>3</margin>
	<parentid>5</parentid>
	<showmenu>6</showmenu>
</menu>

<menu>
    <menuid>7</menuid>
    <imgurl>123123123</imgurl>
	<menutitle>sssssssssss</menutitle>
	<url></url>
	<separatorsize></separatorsize>
	<itemwidth>227</itemwidth>
	<margin>3</margin>
	<parentid>6</parentid>
	<showmenu></showmenu>
</menu>

</menuset>