﻿<?xml version="1.0" encoding="utf-8"?>
<doc>
  <assembly>
    <name>System.Json</name>
  </assembly>
  <members>
    <member name="T:System.Json.JsonArray">
      <summary>A <see cref="T:System.Json.JsonArray" /> is an ordered sequence of zero or more <see cref="T:System.Json.JsonValue" /> objects.</summary>
    </member>
    <member name="M:System.Json.JsonArray.#ctor(System.Collections.Generic.IEnumerable{System.Json.JsonValue})">
      <summary>Creates an instance of the <see cref="T:System.Json.JsonArray" /> class initialized by an <see cref="T:System.Collections.Generic.IEnumerable`1" /> enumeration of objects of type <see cref="T:System.Json.JsonValue" />.</summary>
      <param name="items">The <see cref="T:System.Collections.Generic.IEnumerable`1" /> enumeration of objects of type <see cref="T:System.Json.JsonValue" /> used to initialize the JavaScript Object Notation (JSON) array.</param>
    </member>
    <member name="M:System.Json.JsonArray.#ctor(System.Json.JsonValue[])">
      <summary>Creates an instance of the <see cref="T:System.Json.JsonArray" /> class, initialized by an array of type <see cref="T:System.Json.JsonValue" />.</summary>
      <param name="items">The array of type <see cref="T:System.Json.JsonValue" /> used to initialize the JavaScript Object Notation (JSON) array.</param>
    </member>
    <member name="M:System.Json.JsonArray.Add(System.Json.JsonValue)">
      <summary>Adds a <see cref="T:System.Json.JsonValue" /> object to the end of the array.</summary>
      <param name="item">The <see cref="T:System.Json.JsonValue" /> object to add.</param>
    </member>
    <member name="M:System.Json.JsonArray.AddRange(System.Collections.Generic.IEnumerable{System.Json.JsonValue})">
      <summary>Adds the elements from a collection of type <see cref="T:System.Json.JsonValue" /> to the <see cref="T:System.Json.Array" />.</summary>
      <param name="items">Collection of types to add.</param>
    </member>
    <member name="M:System.Json.JsonArray.AddRange(System.Json.JsonValue[])">
      <summary>Adds the elements from an array of type <see cref="T:System.Json.JsonValue" /> to the <see cref="T:System.Json.Array" />.</summary>
      <param name="items">The array of type <see cref="T:System.Json.JsonValue" /> to be added to the <see cref="T:System.Json.Array" />.</param>
      <exception cref="T:System.ArgumentNullException">
        <paramref name="items" /> is null.</exception>
    </member>
    <member name="M:System.Json.JsonArray.Clear">
      <summary>Removes all JSON CLR types from the <see cref="T:System.Json.JsonArray" />.</summary>
    </member>
    <member name="M:System.Json.JsonArray.Contains(System.Json.JsonValue)">
      <summary>Checks whether a specified JSON CLR type is in the <see cref="T:System.Json.JsonArray" />.</summary>
      <returns>true if <paramref name="item" /> is found in the <see cref="T:System.Json.JsonArray" />; otherwise, false.</returns>
      <param name="item">The <see cref="T:System.Json.JsonValue" /> to check for in the array. </param>
    </member>
    <member name="M:System.Json.JsonArray.CopyTo(System.Json.JsonValue[],System.Int32)">
      <summary>Copies the contents of the current JSON CLR array instance into a specified destination array beginning at the specified index.</summary>
      <param name="array">The destination <see cref="T:System.Json.JsonArray" /> to which the elements of the current <see cref="T:System.Json.JsonArray" /> object are copied</param>
      <param name="arrayIndex">The zero-based index in the destination array at which the copying of the elements of the JSON CLR array begins.</param>
    </member>
    <member name="P:System.Json.JsonArray.Count">
      <summary>Returns the number of <see cref="T:System.Json.JsonValue" /> elements in the array.</summary>
      <returns>The number of <see cref="T:System.Json.JsonValue" /> objects in the <see cref="T:System.Json.JsonArray" />.
</returns>
    </member>
    <member name="M:System.Json.JsonArray.IndexOf(System.Json.JsonValue)">
      <summary>Searches for a specified object and returns the zero-based index of its first occurrence within the <see cref="T:System.Json.JsonArray" />.</summary>
      <returns>The zero-based index of the first occurrence of <paramref name="item" /> within the <see cref="T:System.Json.JsonArray" />, if found; otherwise, –1.</returns>
      <param name="item">The <see cref="T:System.Json.JsonValue" /> object to look up. </param>
    </member>
    <member name="M:System.Json.JsonArray.Insert(System.Int32,System.Json.JsonValue)">
      <summary>Insert a JSON CLR type into the array at a specified index.</summary>
      <param name="index">The zero-based index at which the item should be inserted.</param>
      <param name="item">The <see cref="T:System.Json.JsonValue" /> object to insert.</param>
      <exception cref="T:System.ArgumentOutOfRangeException">
        <paramref name="items" /> is less than zero or larger than the size of the array.</exception>
    </member>
    <member name="P:System.Json.JsonArray.IsReadOnly">
      <summary>Gets a value that indicates whether the <see cref="T:System.Json.JsonArray" /> is read-only.</summary>
      <returns>true if the <see cref="T:System.Json.JsonArray" />is read-only; otherwise, false.</returns>
    </member>
    <member name="P:System.Json.JsonArray.Item(System.Int32)">
      <summary>Gets or sets the JSON value at a specified index.</summary>
      <returns>The <see cref="T:System.Json.JsonValue" /> at the specified index.</returns>
      <param name="index">The zero-based index of the element to get or set.</param>
      <exception cref="T:System.ArgumentOutOfRangeException">
        <paramref name="index" /> is not a valid index for the array.</exception>
      <exception cref="T:System.ArgumentException">The property is set and the <paramref name="value" /> is of a type that is not assignable to the array.</exception>
    </member>
    <member name="P:System.Json.JsonArray.JsonType">
      <summary>Gets the JSON type of the <see cref="T:System.Json.JsonArray" />.</summary>
      <returns>Returns <see cref="F:System.Json.JsonType.Array" />.</returns>
    </member>
    <member name="M:System.Json.JsonArray.Remove(System.Json.JsonValue)">
      <summary>Removes the first occurrence of the specified JSON value from the array.</summary>
      <returns>true if <paramref name="item" /> is successfully removed; otherwise, false. This method also returns false if <paramref name="item" /> was not found in the <see cref="T:System.Json.JsonArray" />.</returns>
      <param name="item">The <see cref="T:System.Json.JsonValue" /> to remove from the <see cref="T:System.Json.JsonArray" />.</param>
    </member>
    <member name="M:System.Json.JsonArray.RemoveAt(System.Int32)">
      <summary>Remove the JSON value at a specified index of <see cref="T:System.Json.JsonArray" />.</summary>
      <param name="index">The zero-based index at which to remove the <see cref="T:System.Json.JsonValue" />.</param>
      <exception cref="T:System.ArgumentOutOfRangeException">
        <paramref name="index" /> is less than zero or <paramref name="index" /> is equal or larger than the size of the array.</exception>
    </member>
    <member name="M:System.Json.JsonArray.Save(System.IO.Stream)">
      <summary>Serializes a JSON CLR array type into a stream of text-based JSON.</summary>
      <param name="stream">The stream to which the text-based JSON is written.</param>
      <exception cref="T:System.ArgumentNullException">
        <paramref name="stream" /> is null.</exception>
    </member>
    <member name="M:System.Json.JsonArray.System#Collections#Generic#IEnumerable{T}#GetEnumerator">
      <summary>Returns an enumerator that iterates through the <see cref="T:System.Json.JsonValue" /> objects in the array.</summary>
      <returns>Returns an <see cref="T:System.Collections.Generic.IEnumerator`1" /> object that iterates through the <see cref="T:System.Json.JsonValue" /> elements in the <see cref="T:System.Json.JsonArray" />.</returns>
    </member>
    <member name="M:System.Json.JsonArray.System#Collections#IEnumerable#GetEnumerator">
      <summary>Returns an enumerator that iterates through the <see cref="T:System.Json.JsonValue" /> objects in the array.</summary>
      <returns>Returns an <see cref="T:System.Collections.IEnumerator" /> object that iterates through the <see cref="T:System.Json.JsonValue" /> elements in the <see cref="T:System.Json.JsonArray" />.
</returns>
    </member>
    <member name="T:System.Json.JsonObject">
      <summary>A <see cref="T:System.Json.JsonObject" /> is an unordered collection of zero or more key/value pairs.</summary>
    </member>
    <member name="M:System.Json.JsonObject.#ctor(System.Collections.Generic.IEnumerable{System.Collections.Generic.KeyValuePair{System.String,System.Json.JsonValue}})">
      <summary>Creates an instance of the <see cref="T:System.Json.JsonObject" /> class initialized with a <see cref="T:System.Collections.Generic.IEnumerable`1" /> collection of key/value pairs.</summary>
      <param name="items">The <see cref="T:System.Collections.Generic.IEnumerable`1" /> collection of <see cref="T:System.Collections.Generic.KeyValuePair`2" /> used to initialize the key/value pairs</param>
      <exception cref="T:System.ArgumentNullException">
        <paramref name="items" /> is null.</exception>
    </member>
    <member name="M:System.Json.JsonObject.#ctor(System.Collections.Generic.KeyValuePair{System.String,System.Json.JsonValue}[])">
      <summary>Creates an instance of the <see cref="T:System.Json.JsonObject" /> class initialized with a collection of key/value pairs.</summary>
      <param name="items">The <see cref="T:System.Collections.Generic.KeyValuePair`2" /> object used to initialize the key/value pairs.</param>
    </member>
    <member name="M:System.Json.JsonObject.#ctor(System.DateTimeOffset)">
      <summary>Creates an instance of the <see cref="T:System.Json.JsonObject" /> class initialized with a <see cref="T:System.DateTimeOffset" />.</summary>
      <param name="dto">The <see cref="T:System.DateTimeOffset" /> used to initialize the object.</param>
    </member>
    <member name="M:System.Json.JsonObject.Add(System.Collections.Generic.KeyValuePair{System.String,System.Json.JsonValue})">
      <summary>Adds a key/value pair to the JSON CLR object.</summary>
      <param name="item">The <see cref="T:System.Collections.Generic.KeyValuePair`2" /> to add.</param>
    </member>
    <member name="M:System.Json.JsonObject.Add(System.String,System.Json.JsonValue)">
      <summary>Adds a key/value pair to the JSON CLR object type.</summary>
      <param name="key">The key for the element added.</param>
      <param name="value">The <see cref="T:System.Json.JsonValue" /> for the element added.</param>
      <exception cref="T:System.ArgumentNullException">
        <paramref name="key" /> is null.</exception>
    </member>
    <member name="M:System.Json.JsonObject.AddRange(System.Collections.Generic.IEnumerable{System.Collections.Generic.KeyValuePair{System.String,System.Json.JsonValue}})">
      <summary>Adds a specified collection of key/value pairs to the current instance of the <see cref="T:System.Json.JsonObject" />.</summary>
      <param name="items">The <see cref="T:System.Collections.Generic.IEnumerable`1" /> collection of key/value pairs to add.</param>
      <exception cref="T:System.ArgumentNullException">
        <paramref name="items" /> is null.</exception>
    </member>
    <member name="M:System.Json.JsonObject.AddRange(System.Collections.Generic.KeyValuePair{System.String,System.Json.JsonValue}[])">
      <summary>Adds a specified array of key/value pairs to the current instance of <see cref="T:System.Json.JsonObject" />.</summary>
      <param name="items">Collection of key/value pairs.</param>
    </member>
    <member name="M:System.Json.JsonObject.Clear">
      <summary>Removes all key/value pairs from the JSON CLR object.</summary>
    </member>
    <member name="M:System.Json.JsonObject.ContainsKey(System.String)">
      <summary>Checks whether a key/value pair with a specified key exists in the JSON CLR object type.</summary>
      <returns>true if the JSON CLR object contains the <paramref name="key" />; otherwise, false.
</returns>
      <param name="key">The key to check for.</param>
      <exception cref="T:System.ArgumentNullException">
        <paramref name="key" /> is null.</exception>
    </member>
    <member name="M:System.Json.JsonObject.CopyTo(System.Collections.Generic.KeyValuePair{System.String,System.Json.JsonValue}[],System.Int32)">
      <summary>Copies the contents of the JSON CLR object into a specified key/value destination array beginning at a specified index.</summary>
      <param name="array">The destination array of type <see cref="T:System.Collections.Generic.KeyValuePair`2" /> to which the elements of the <see cref="T:System.Json.JsonObject" /> are copied</param>
      <param name="arrayIndex">The zero-based index at which to begin the insertion of the contents from the JSON CLR object type.</param>
    </member>
    <member name="P:System.Json.JsonObject.Count">
      <summary>Returns the number of key/value pairs in the <see cref="T:System.Json.JsonObject" />.</summary>
      <returns>The number of key/value pairs in the JSON CLR object.</returns>
    </member>
    <member name="M:System.Json.JsonObject.GetEnumerator">
      <summary>Returns an enumerator over the key/value pairs contained in the JSON CLR object type.</summary>
      <returns>
        <see cref="T:System.Collections.Generic.IEnumerator`1" />.</returns>
    </member>
    <member name="P:System.Json.JsonObject.Item(System.String)">
      <summary>Gets or sets an indexer used to look up a key/value pair based on a specified key.</summary>
      <returns>The <see cref="T:System.Json.JsonValue" /> that contains the key/value pair looked up.</returns>
      <param name="key">The key of the pair to look up.</param>
    </member>
    <member name="P:System.Json.JsonObject.JsonType">
      <summary>Gets the JSON type of the <see cref="T:System.Json.JsonObject" />.</summary>
      <returns>Returns <see cref="F:System.Json.JsonType.Object" />.</returns>
    </member>
    <member name="P:System.Json.JsonObject.Keys">
      <summary>Returns a collection that contains the keys in the <see cref="T:System.Json.JsonObject" />.</summary>
      <returns>An <see cref="T:System.Collections.Generic.ICollection`1" /> that contains the keys from the JSON CLR object.</returns>
    </member>
    <member name="M:System.Json.JsonObject.Remove(System.String)">
      <summary>Removes the key/value pair with a specified key from the JSON CLR object type.</summary>
      <returns>true if the element is successfully found and removed; otherwise, false. This method returns false if <paramref name="key" /> is not found in the JSON CLR object.</returns>
      <param name="key">The key of the item to remove.</param>
      <exception cref="T:System.ArgumentNullException">
        <paramref name="key" /> is null.</exception>
    </member>
    <member name="M:System.Json.JsonObject.Save(System.IO.Stream)">
      <summary>Serializes a JSON CLR object into text-based JSON.</summary>
      <param name="stream">The stream to which the text-based JSON is written.</param>
      <exception cref="T:System.ArgumentNullException">
        <paramref name="stream" /> is null.</exception>
    </member>
    <member name="M:System.Json.JsonObject.System#Collections#Generic#ICollection{T}#Contains(System.Collections.Generic.KeyValuePair{System.String,System.Json.JsonValue})">
      <summary>Checks whether the <see cref="T:System.Json.JsonObject" /> contains a specified key/value pair.</summary>
      <returns>true if the <paramref name="item" /> is contained in the instance of the <see cref="T:System.Json.JsonObject" />; otherwise, false.</returns>
      <param name="item">The key/value pair to check for.</param>
      <exception cref="T:System.ArgumentNullException">
        <paramref name="key" /> is null.</exception>
    </member>
    <member name="P:System.Json.JsonObject.System#Collections#Generic#ICollection{T}#IsReadOnly">
      <summary>Gets a value that indicates whether this JSON CLR object is read-only.</summary>
      <returns>true if it is read-only; otherwise, false.</returns>
    </member>
    <member name="M:System.Json.JsonObject.System#Collections#Generic#ICollection{T}#Remove(System.Collections.Generic.KeyValuePair{System.String,System.Json.JsonValue})">
      <summary>Removes the first occurrence of a specified key/value pair from the <see cref="T:System.Json.JsonObject" />.</summary>
      <returns>true if <paramref name="item" /> was successfully removed from the <see cref="T:System.Json.JsonObject" />; otherwise, false. This method also returns false if <paramref name="item" /> is not found in the <see cref="T:System.Json.JsonObject" />.</returns>
      <param name="item">The key/value pair to remove.</param>
      <exception cref="T:System.ArgumentNullException">
        <paramref name="item" /> is null.</exception>
    </member>
    <member name="M:System.Json.JsonObject.System#Collections#IEnumerable#GetEnumerator">
      <summary>Returns an enumerator that iterates through the key/value pairs in the <see cref="T:System.Json.JsonObject" />.</summary>
      <returns>
an <see cref="T:System.Collections.IEnumerator" /> object that iterates through the key/value pairs in the <see cref="T:System.Json.JsonObject" />.
</returns>
    </member>
    <member name="M:System.Json.JsonObject.TryGetValue(System.String,System.Json.JsonValue@)">
      <summary>Attempts to get the value that corresponds to the specified key.</summary>
      <returns>true if the instance of the <see cref="T:System.Json.JsonObject" /> contains an element with the specified <paramref name="key" />; otherwise, false.</returns>
      <param name="key">The key of the value to retrieve.</param>
      <param name="value">The primitive or structured <see cref="T:System.Json.JsonValue" /> object that has the <paramref name="key" /> specified. This parameter is passed uninitialized. </param>
      <exception cref="T:System.ArgumentNullException">
        <paramref name="key" /> is null.</exception>
    </member>
    <member name="P:System.Json.JsonObject.Values">
      <summary>Returns a collection that contains the values in the <see cref="T:System.Json.JsonObject" />.</summary>
      <returns>An <see cref="T:System.Collections.Generic.ICollection`1" /> that contains the set of <see cref="T:System.Json.JsonValues" /> from the JSON CLR object.</returns>
    </member>
    <member name="T:System.Json.JsonPrimitive">
      <summary>Represents a JavaScript Object Notation (JSON) primitive type in the Common Language Runtime (CLR).</summary>
    </member>
    <member name="M:System.Json.JsonPrimitive.#ctor(System.Boolean)">
      <summary>Initializes a new instance of a <see cref="T:System.Json.JsonPrimitive" /> type with a <see cref="T:System.Boolean" /> type.</summary>
      <param name="value">The <see cref="T:System.Boolean" /> object that initializes the new instance.</param>
    </member>
    <member name="M:System.Json.JsonPrimitive.#ctor(System.Byte)">
      <summary>Initializes a new instance of a <see cref="T:System.Json.JsonPrimitive" /> type with a <see cref="T:System.Byte" /> type.</summary>
      <param name="value">The <see cref="T:System.Byte" /> object that initializes the new instance.</param>
    </member>
    <member name="M:System.Json.JsonPrimitive.#ctor(System.Char)">
      <summary>Initializes a new instance of a <see cref="T:System.Json.JsonPrimitive" /> type with a <see cref="T:System.Char" /> type.</summary>
      <param name="value">The <see cref="T:System.Char" /> object that initializes the new instance.</param>
    </member>
    <member name="M:System.Json.JsonPrimitive.#ctor(System.DateTime)">
      <summary>Initializes a new instance of a <see cref="T:System.Json.JsonPrimitive" /> type with a <see cref="T:System.DateTime" /> type.</summary>
      <param name="value">The <see cref="T:System.DateTime" /> object that initializes the new instance.</param>
    </member>
    <member name="M:System.Json.JsonPrimitive.#ctor(System.Decimal)">
      <summary>Initializes a new instance of a <see cref="T:System.Json.JsonPrimitive" /> type with a <see cref="T:System.Decimal" /> type.</summary>
      <param name="value">The <see cref="T:System.Decimal" /> object that initializes the new instance.</param>
    </member>
    <member name="M:System.Json.JsonPrimitive.#ctor(System.Double)">
      <summary>Initializes a new instance of a <see cref="T:System.Json.JsonPrimitive" /> type with a <see cref="T:System.Double" /> type.</summary>
      <param name="value">The <see cref="T:System.Double" /> object that initializes the new instance.</param>
    </member>
    <member name="M:System.Json.JsonPrimitive.#ctor(System.Guid)">
      <summary>Initializes a new instance of a <see cref="T:System.Json.JsonPrimitive" /> type with a <see cref="T:System.Guid" /> type.</summary>
      <param name="value">The <see cref="T:System.Guid" /> object that initializes the new instance.</param>
    </member>
    <member name="M:System.Json.JsonPrimitive.#ctor(System.Int16)">
      <summary>Initializes a new instance of a <see cref="T:System.Json.JsonPrimitive" /> type with a <see cref="T:System.Int16" /> type.</summary>
      <param name="value">The <see cref="T:System.Int16" /> object that initializes the new instance.</param>
    </member>
    <member name="M:System.Json.JsonPrimitive.#ctor(System.Int32)">
      <summary>Initializes a new instance of a <see cref="T:System.Json.JsonPrimitive" /> type with a <see cref="T:System.Int32" /> type.</summary>
      <param name="value">The <see cref="T:System.Int32" /> object that initializes the new instance.</param>
    </member>
    <member name="M:System.Json.JsonPrimitive.#ctor(System.Int64)">
      <summary>Initializes a new instance of a <see cref="T:System.Json.JsonPrimitive" /> type with a <see cref="T:System.Int64" /> type.</summary>
      <param name="value">The <see cref="T:System.Int64" /> object that initializes the new instance.</param>
    </member>
    <member name="M:System.Json.JsonPrimitive.#ctor(System.SByte)">
      <summary>Initializes a new instance of a <see cref="T:System.Json.JsonPrimitive" /> type with a <see cref="T:System.SByte" /> type.</summary>
      <param name="value">The <see cref="T:System.SByte" /> object that initializes the new instance.</param>
    </member>
    <member name="M:System.Json.JsonPrimitive.#ctor(System.Single)">
      <summary>Initializes a new instance of a <see cref="T:System.Json.JsonPrimitive" /> type with a <see cref="T:System.Single" /> type.</summary>
      <param name="value">The <see cref="T:System.Single" /> object that initializes the new instance.</param>
    </member>
    <member name="M:System.Json.JsonPrimitive.#ctor(System.String)">
      <summary>Initializes a new instance of a <see cref="T:System.Json.JsonPrimitive" /> type with a <see cref="T:System.String" /> type.</summary>
      <param name="value">The <see cref="T:System.String" /> object that initializes the new instance.</param>
      <exception cref="T:System.ArgumentNullException">
        <paramref name="value" /> is null.</exception>
    </member>
    <member name="M:System.Json.JsonPrimitive.#ctor(System.TimeSpan)">
      <summary>Initializes a new instance of a <see cref="T:System.Json.JsonPrimitive" /> type with a <see cref="T:System.TimeSpan" /> type.</summary>
      <param name="value">The <see cref="T:System.TimeSpan" /> object that initializes the new instance.</param>
    </member>
    <member name="M:System.Json.JsonPrimitive.#ctor(System.UInt16)">
      <summary>Initializes a new instance of a <see cref="T:System.Json.JsonPrimitive" /> type with a <see cref="T:System.UInt16" /> type.</summary>
      <param name="value">The <see cref="T:System.UInt16" /> object that initializes the new instance.</param>
    </member>
    <member name="M:System.Json.JsonPrimitive.#ctor(System.UInt32)">
      <summary>Initializes a new instance of a <see cref="T:System.Json.JsonPrimitive" /> type with a <see cref="T:System.UInt32" /> type.</summary>
      <param name="value">The <see cref="T:System.UInt32" /> object that initializes the new instance.</param>
    </member>
    <member name="M:System.Json.JsonPrimitive.#ctor(System.UInt64)">
      <summary>Initializes a new instance of a <see cref="T:System.Json.JsonPrimitive" /> type with a <see cref="T:System.UInt64" /> type.</summary>
      <param name="value">The <see cref="T:System.UInt64" /> object that initializes the new instance.</param>
    </member>
    <member name="M:System.Json.JsonPrimitive.#ctor(System.Uri)">
      <summary>Initializes a new instance of a <see cref="T:System.Json.JsonPrimitive" /> type with a <see cref="T:System.Uri" /> type.</summary>
      <param name="value">The <see cref="T:System.Uri" /> object that initializes the new instance.</param>
      <exception cref="T:System.ArgumentNullException">
        <paramref name="value" /> is null.</exception>
    </member>
    <member name="P:System.Json.JsonPrimitive.JsonType">
      <summary>Gets the <see cref="T:System.JsonType" /> that is associated with this <see cref="T:System.Json.JsonPrimitive" /> object.</summary>
      <returns>Each <see cref="T:System.Json.JsonPrimitive" /> object is associated with a <see cref="T:System.JsonType" /> that is determined by the type of CLR object used to initiate it.
</returns>
    </member>
    <member name="M:System.Json.JsonPrimitive.Save(System.IO.Stream)">
      <summary>Serializes the <see cref="T:System.Json.JsonPrimitive" /> object into text-based JSON.</summary>
      <param name="stream">The stream to which the text-based JSON is written.</param>
      <exception cref="T:System.ArgumentNullException">
        <paramref name="stream" /> is null.</exception>
    </member>
    <member name="T:System.Json.JsonType">
      <summary>An enumeration that specifies primitive and structured JavaScript Object Notation (JSON) Common Language Runtime (CLR) types.</summary>
    </member>
    <member name="F:System.Json.JsonType.String">
      <summary>Specifies the JSON string CLR type.</summary>
    </member>
    <member name="F:System.Json.JsonType.Number">
      <summary>Specifies the JSON number CLR type.</summary>
    </member>
    <member name="F:System.Json.JsonType.Object">
      <summary>Specifies the JSON object CLR type that consists of an unordered collection of key/value pairs, where the key is of type <see cref="T:System.String" /> and the value is of type <see cref="T:System.Json.JsonValue" />, which can, in turn, be either a primitive or a structured JSON type. </summary>
    </member>
    <member name="F:System.Json.JsonType.Array">
      <summary>Specifies the JSON array CLR type that consists of an ordered collection of <see cref="T:System.Json.JsonValue" /> types, which can, in turn, be either primitive or structured JSON types.</summary>
    </member>
    <member name="F:System.Json.JsonType.Boolean">
      <summary>Specifies the JSON Boolean CLR type.</summary>
    </member>
    <member name="T:System.Json.JsonValue">
      <summary>This is the abstract base class for JavaScript Object Notation (JSON) Common Language Runtime (CLR) types. </summary>
    </member>
    <member name="M:System.Json.JsonValue.ContainsKey(System.String)">
      <summary>Throws an <see cref="T:System.InvalidOperationException" />.</summary>
      <returns>
Returns <see cref="T:System.Boolean" />.
</returns>
      <param name="key">The key to check.</param>
      <exception cref="T:System.ArgumentNullException">
        <paramref name="key" /> is null.</exception>
    </member>
    <member name="P:System.Json.JsonValue.Count">
      <summary>This method is not supported and throws an exception when called.</summary>
      <returns>
Returns <see cref="T:System.Int32" />. 
</returns>
    </member>
    <member name="P:System.Json.JsonValue.Item(System.Int32)">
      <summary>This indexer is not supported for this base class and throws an exception.</summary>
      <returns>
A <see cref="T:System.Json.JsonValue" />.
</returns>
      <param name="index">The zero-based index of the element to get or set.</param>
    </member>
    <member name="P:System.Json.JsonValue.Item(System.String)">
      <summary>This indexer is not supported for this base class and throws an exception.</summary>
      <returns>
Returns <see cref="T:System.Json.JsonValue" />.
</returns>
      <param name="key">The key of the element to get or set.</param>
    </member>
    <member name="P:System.Json.JsonValue.JsonType">
      <summary>When implemented in a derived class, indicates the JSON CLR type represented by the derived type.</summary>
      <returns>
Returns <see cref="T:System.Json.JsonType" /> .
</returns>
    </member>
    <member name="M:System.Json.JsonValue.Load(System.IO.Stream)">
      <summary>Deserializes text-based JSON from a stream into a JSON CLR type.</summary>
      <returns>
Returns a class derived from <see cref="T:System.Json.JsonValue" /> that contains the deserialized text-based JSON.</returns>
      <param name="stream">A <see cref="T:System.IO.Stream" /> that contains text-based JSON content.</param>
      <exception cref="T:System.ArgumentNullException">
        <paramref name="stream" /> is null.</exception>
    </member>
    <member name="M:System.Json.JsonValue.Load(System.IO.TextReader)">
      <summary>Deserializes text-based JSON from a text reader into a JSON CLR type.</summary>
      <returns>
Returns a class derived from <see cref="T:System.Json.JsonValue" /> that contains the deserialized text-based JSON.</returns>
      <param name="textReader">A <see cref="T:System.IO.TextReader" /> over text-based JSON content.</param>
      <exception cref="T:System.ArgumentNullException">
        <paramref name="textReader" /> is null.</exception>
    </member>
    <member name="M:System.Json.JsonValue.op_Implicit(System.Boolean)~System.Json.JsonValue">
      <summary>Enables implicit casts from type <see cref="T:System.Boolean" /> to a <see cref="T:System.JsonPrimitive" />.</summary>
      <returns>The <see cref="T:System.Json.JsonValue" /> initialized with the <see cref="T:System.Boolean" /> specified.</returns>
      <param name="value">The <see cref="T:System.Boolean" /> instance used to initialize the <see cref="T:System.JsonPrimitive" />.</param>
    </member>
    <member name="M:System.Json.JsonValue.op_Implicit(System.Byte)~System.Json.JsonValue">
      <summary>Enables implicit casts from type <see cref="T:System. Byte" /> to a <see cref="T:System.JsonPrimitive" />.</summary>
      <returns>The <see cref="T:System.Json.JsonValue" /> initialized with the <see cref="T:System. Byte" /> specified.
</returns>
      <param name="value">The <see cref="T:System.Byte" /> instance used to initialize the <see cref="T:System.JsonPrimitive" />.</param>
    </member>
    <member name="M:System.Json.JsonValue.op_Implicit(System.Char)~System.Json.JsonValue">
      <summary>Enables implicit casts from type <see cref="T:System.Char" /> to a <see cref="T:System.JsonPrimitive" />.</summary>
      <returns>The <see cref="T:System.Json.JsonValue" /> initialized with the <see cref="T:System. Char" /> specified.
</returns>
      <param name="value">The <see cref="T:System.Char" /> instance used to initialize the <see cref="T:System.JsonPrimitive" />.</param>
    </member>
    <member name="M:System.Json.JsonValue.op_Implicit(System.DateTime)~System.Json.JsonValue">
      <summary>Enables implicit casts from type <see cref="T:System.DateTime" /> to a <see cref="T:System.JsonPrimitive" />.</summary>
      <returns>The <see cref="T:System.Json.JsonValue" /> initialized with the <see cref="T:System.DateTime" /> specified.</returns>
      <param name="value">The <see cref="T:System.DateTime" /> instance used to initialize the <see cref="T:System.JsonPrimitive" />.</param>
    </member>
    <member name="M:System.Json.JsonValue.op_Implicit(System.DateTimeOffset)~System.Json.JsonValue">
      <summary>Enables implicit casts from type <see cref="T:System.DateTimeOffset" /> to a <see cref="T:System.JsonObject" />.</summary>
      <returns>The <see cref="T:System.Json.JsonObject" /> initialized with the <see cref="T:System.DateTimeOffset" /> specified.</returns>
      <param name="value">The <see cref="T:System.DateTimeOffset" /> instance used to initialize the <see cref="T:System.JsonObject" />.</param>
    </member>
    <member name="M:System.Json.JsonValue.op_Implicit(System.Decimal)~System.Json.JsonValue">
      <summary>Enables implicit casts from type <see cref="T:System.Decimal" /> to a <see cref="T:System.JsonPrimitive" />.</summary>
      <returns>The <see cref="T:System.Json.JsonValue" /> initialized with the <see cref="T:System.Decimal" /> specified.</returns>
      <param name="value">The <see cref="T:System.Decimal" /> instance used to initialize the <see cref="T:System.JsonPrimitive" />.</param>
    </member>
    <member name="M:System.Json.JsonValue.op_Implicit(System.Double)~System.Json.JsonValue">
      <summary>Enables implicit casts from type <see cref="T:System.Double" /> to a <see cref="T:System.JsonPrimitive" />.</summary>
      <returns>The <see cref="T:System.Json.JsonValue" /> initialized with the <see cref="T:System.Double" /> specified.</returns>
      <param name="value">The <see cref="T:System.Double" /> instance used to initialize the <see cref="T:System.JsonPrimitive" />.</param>
    </member>
    <member name="M:System.Json.JsonValue.op_Implicit(System.Guid)~System.Json.JsonValue">
      <summary>Enables implicit casts from type <see cref="T:System.Guid" /> to a <see cref="T:System.JsonPrimitive" />.</summary>
      <returns>The <see cref="T:System.Json.JsonValue" /> initialized with the <see cref="T:System.Guid" /> specified.</returns>
      <param name="value">The <see cref="T:System.Guid" /> instance used to initialize the <see cref="T:System.JsonPrimitive" />.</param>
    </member>
    <member name="M:System.Json.JsonValue.op_Implicit(System.Int16)~System.Json.JsonValue">
      <summary>Enables implicit casts from type <see cref="T:System.Int16" /> to a <see cref="T:System.JsonPrimitive" />.</summary>
      <returns>The <see cref="T:System.Json.JsonValue" /> initialized with the <see cref="T:System.Int16" /> specified.</returns>
      <param name="value">The <see cref="T:System.Int16" /> instance used to initialize the <see cref="T:System.JsonPrimitive" />.</param>
    </member>
    <member name="M:System.Json.JsonValue.op_Implicit(System.Int32)~System.Json.JsonValue">
      <summary>Enables implicit casts from type <see cref="T:System.Int32" /> to a <see cref="T:System.JsonPrimitive" />.</summary>
      <returns>The <see cref="T:System.Json.JsonValue" /> initialized with the <see cref="T:System.Int32" /> specified.</returns>
      <param name="value">The <see cref="T:System.Int32" /> instance used to initialize the <see cref="T:System.JsonPrimitive" />.</param>
    </member>
    <member name="M:System.Json.JsonValue.op_Implicit(System.Int64)~System.Json.JsonValue">
      <summary>Enables implicit casts from type <see cref="T:System.Int64" /> to a <see cref="T:System.JsonPrimitive" />.</summary>
      <returns>The <see cref="T:System.Json.JsonValue" /> initialized with the <see cref="T:System.Int64" /> specified.</returns>
      <param name="value">The <see cref="T:System.Int64" /> instance used to initialize the <see cref="T:System.JsonPrimitive" />.</param>
    </member>
    <member name="M:System.Json.JsonValue.op_Implicit(System.Json.JsonValue)~System.DateTime">
      <summary>Enables implicit casts from an instance of type <see cref="T:System.Json.JsonValue" /> to a <see cref="T:System.Datetime" /> object.</summary>
      <returns>The <see cref="T:System.DateTime" /> initialized with the <see cref="T:System.Json.JsonValue" /> value specified.</returns>
      <param name="value">The instance of <see cref="T:System.Json.JsonValue" /> used to initialize the <see cref="T:System.DateTime" /> object. </param>
      <exception cref="T:System.InvalidCastException">The <see cref="P:System.Json.JsonValue.JsonType" /> of <paramref name="value" /> is not a <see cref="F:System.Json.JsonType.String" /> and so cannot be cast to <see cref="T:System.DateTime" />.</exception>
    </member>
    <member name="M:System.Json.JsonValue.op_Implicit(System.Json.JsonValue)~System.TimeSpan">
      <summary>Enables implicit casts from an instance of type <see cref="T:System.Json.JsonValue" /> to a <see cref="T:System.TimeSpan" /> object.</summary>
      <returns>The <see cref="T:System.TimeSpan" /> initialized with the <see cref="T:System.Json.JsonValue" /> value specified.</returns>
      <param name="value">The instance of <see cref="T:System.Json.JsonValue" /> used to initialize the <see cref="T:System.TimeSpan" /> object.</param>
      <exception cref="T:System.InvalidCastException">The <see cref="P:System.Json.JsonValue.JsonType" /> of <paramref name="value" /> is not a <see cref="F:System.Json.JsonType.String" /> and so cannot be cast to <see cref="T:System.TimeSpan" />.</exception>
    </member>
    <member name="M:System.Json.JsonValue.op_Implicit(System.Json.JsonValue)~System.Boolean">
      <summary>Enables implicit casts from an instance of type <see cref="T:System.Json.JsonValue" /> to a <see cref="T:System.Boolean" /> object.</summary>
      <returns>The <see cref="T:System.Boolean" /> initialized with the <see cref="T:System.Json.JsonValue" /> value specified.</returns>
      <param name="value">The instance of <see cref="T:System.Json.JsonValue" /> used to initialize the <see cref="T:System.Boolean" /> object. </param>
      <exception cref="T:System.InvalidCastException">The <see cref="P:System.Json.JsonValue.JsonType" /> of <paramref name="value" /> is not a <see cref="F:System.Json.JsonType.Boolean" /> and so cannot be cast to <see cref="T:System.Boolean" />.</exception>
    </member>
    <member name="M:System.Json.JsonValue.op_Implicit(System.Json.JsonValue)~System.Char">
      <summary>Enables implicit casts from an instance of type <see cref="T:System.Json.JsonValue" /> to a <see cref="T:System.Char" /> object.</summary>
      <returns>The <see cref="T:System.Char" /> initialized with the <see cref="T:System.Json.JsonValue" /> value specified.</returns>
      <param name="value">The instance of <see cref="T:System.Json.JsonValue" /> used to initialize the <see cref="T:System.Char" /> object. </param>
      <exception cref="T:System.InvalidCastException">The <see cref="P:System.Json.JsonValue.JsonType" /> of <paramref name="value" /> is not a <see cref="F:System.Json.JsonType.String" /> and so cannot be cast to <see cref="T:System.Boolean" />, or there is not exactly one character in the <paramref name="value" /> parameter.</exception>
    </member>
    <member name="M:System.Json.JsonValue.op_Implicit(System.Json.JsonValue)~System.Int64">
      <summary>Enables implicit casts from an instance of type <see cref="T:System.Json.JsonValue" /> to a <see cref="T:System.Int64" /> object.</summary>
      <returns>The <see cref="T:System.Int64" /> initialized with the <see cref="T:System.Json.JsonValue" /> value specified.</returns>
      <param name="value">The instance of <see cref="T:System.Json.JsonValue" /> used to initialize the <see cref="T:System.Int64" /> object. </param>
      <exception cref="T:System.InvalidCastException">The <see cref="P:System.Json.JsonValue.JsonType" /> of <paramref name="value" /> is not a <see cref="F:System.Json.JsonType.Number" /> and so cannot be cast to <see cref="T:System.Int64" />.</exception>
    </member>
    <member name="M:System.Json.JsonValue.op_Implicit(System.Json.JsonValue)~System.Decimal">
      <summary>Enables implicit casts from an instance of type <see cref="T:System.Json.JsonValue" /> to a <see cref="T:System.Decimal" /> object.</summary>
      <returns>The <see cref="T:System.Decimal" /> initialized with the <see cref="T:System.Json.JsonValue" /> value specified.</returns>
      <param name="value">The instance of <see cref="T:System.Json.JsonValue" /> used to initialize the <see cref="T:System.Decimal" /> object. </param>
      <exception cref="T:System.InvalidCastException">The <see cref="P:System.Json.JsonValue.JsonType" /> of <paramref name="value" /> is not a <see cref="F:System.Json.JsonType.Number" /> and so cannot be cast to <see cref="T:System.Decimal" />.</exception>
    </member>
    <member name="M:System.Json.JsonValue.op_Implicit(System.Json.JsonValue)~System.Int32">
      <summary>Enables implicit casts from an instance of type <see cref="T:System.Json.JsonValue" /> to a <see cref="T:System.Int32" /> object.</summary>
      <returns>The <see cref="T:System.Int32" /> initialized with the <see cref="T:System.Json.JsonValue" /> value specified.</returns>
      <param name="value">The instance of <see cref="T:System.Json.JsonValue" /> used to initialize the <see cref="T:System.Int32" /> object. </param>
      <exception cref="T:System.InvalidCastException">The <see cref="P:System.Json.JsonValue.JsonType" /> of <paramref name="value" /> is not a <see cref="F:System.Json.JsonType.Number" /> and so cannot be cast to <see cref="T:System.Int32" />.</exception>
    </member>
    <member name="M:System.Json.JsonValue.op_Implicit(System.Json.JsonValue)~System.UInt64">
      <summary>Enables implicit casts from an instance of type <see cref="T:System.Json.JsonValue" /> to a <see cref="T:System.UInt64" /> object.</summary>
      <returns>The <see cref="T:System.UInt64" /> initialized with the <see cref="T:System.Json.JsonValue" /> value specified.</returns>
      <param name="value">The instance of <see cref="T:System.Json.JsonValue" /> used to initialize the <see cref="T:System.UInt64" /> object. </param>
      <exception cref="T:System.InvalidCastException">The <see cref="P:System.Json.JsonValue.JsonType" /> of <paramref name="value" /> is not a <see cref="F:System.Json.JsonType.Number" /> and so cannot be cast to <see cref="T:System.UInt64" />.</exception>
    </member>
    <member name="M:System.Json.JsonValue.op_Implicit(System.Json.JsonValue)~System.String">
      <summary>Enables implicit casts from an instance of type <see cref="T:System.Json.JsonValue" /> to a <see cref="T:System.String" /> object.</summary>
      <returns>The <see cref="T:System.String" /> initialized with the <see cref="T:System.Json.JsonValue" /> value specified or null if <paramref name="value" /> is null.</returns>
      <param name="value">The instance of <see cref="T:System.Json.JsonValue" /> used to initialize the <see cref="T:System.String" /> object.</param>
      <exception cref="T:System.InvalidCastException">The <see cref="P:System.Json.JsonValue.JsonType" /> of <paramref name="value" /> is not a <see cref="F:System.Json.JsonType.String" /> and so cannot be cast to <see cref="T:System.String" />.</exception>
    </member>
    <member name="M:System.Json.JsonValue.op_Implicit(System.Json.JsonValue)~System.DateTimeOffset">
      <summary>Enables implicit casts from an instance of type <see cref="T:System.Json.JsonValue" /> to a <see cref="T:System.DateTimeOffset" /> object.</summary>
      <returns>The <see cref="T:System.DateTimeOffset" /> initialized with the <see cref="T:System.Json.JsonValue" /> value specified.</returns>
      <param name="value">The instance of <see cref="T:System.Json.JsonValue" /> used to initialize the <see cref="T:System.DateTimeOffset" /> object. </param>
      <exception cref="T:System.InvalidCastException">The <see cref="P:System.Json.JsonValue.JsonType" /> of <paramref name="value" /> is not a <see cref="F:System.Json.JsonType.Object" /> and the object does not contain two fields that are called “DateTime” and “OffsetMinutes”. </exception>
    </member>
    <member name="M:System.Json.JsonValue.op_Implicit(System.Json.JsonValue)~System.Single">
      <summary>Enables implicit casts from an instance of type <see cref="T:System.Json.JsonValue" /> to a <see cref="T:System.Single" /> object.</summary>
      <returns>The <see cref="T:System.Single" /> initialized with the <see cref="T:System.Json.JsonValue" /> value specified.</returns>
      <param name="value">The instance of <see cref="T:System.Json.JsonValue" /> used to initialize the <see cref="T:System.Single" /> object.</param>
      <exception cref="T:System.InvalidCastException">The <see cref="P:System.Json.JsonValue.JsonType" /> of <paramref name="value" /> is not a <see cref="F:System.Json.JsonType.Number" /> and so cannot be cast to <see cref="T:System.Single" />.</exception>
    </member>
    <member name="M:System.Json.JsonValue.op_Implicit(System.Json.JsonValue)~System.Double">
      <summary>Enables implicit casts from an instance of type <see cref="T:System.Json.JsonValue" /> to a <see cref="T:System.Double" /> object.</summary>
      <returns>The <see cref="T:System.Double" /> initialized with the <see cref="T:System.Json.JsonValue" /> value specified.</returns>
      <param name="value">The instance of <see cref="T:System.Json.JsonValue" /> used to initialize the <see cref="T:System.Double" /> object. </param>
      <exception cref="T:System.InvalidCastException">The <see cref="P:System.Json.JsonValue.JsonType" /> of <paramref name="value" /> is not a <see cref="F:System.Json.JsonType.Number" /> and so cannot be cast to <see cref="T:System.Double" />.</exception>
    </member>
    <member name="M:System.Json.JsonValue.op_Implicit(System.Json.JsonValue)~System.SByte">
      <summary>Enables implicit casts from an instance of type <see cref="T:System.Json.JsonValue" /> to a <see cref="T:System.SByte" /> object.</summary>
      <returns>The <see cref="T:System.SByte" /> initialized with the <see cref="T:System.Json.JsonValue" /> value specified.</returns>
      <param name="value">The instance of <see cref="T:System.Json.JsonValue" /> used to initialize the <see cref="T:System.SByte" /> object.</param>
      <exception cref="T:System.InvalidCastException">The <see cref="P:System.Json.JsonValue.JsonType" /> of <paramref name="value" /> is not a <see cref="F:System.Json.JsonType.Number" /> and so cannot be cast to <see cref="T:System.SByte" />.</exception>
    </member>
    <member name="M:System.Json.JsonValue.op_Implicit(System.Json.JsonValue)~System.Byte">
      <summary>Enables implicit casts from an instance of type <see cref="T:System.Json.JsonValue" /> to a <see cref="T:System.Byte" /> object.</summary>
      <returns>The <see cref="T:System.Byte" /> initialized with the <see cref="T:System.Json.JsonValue" /> value specified.</returns>
      <param name="value">The instance of <see cref="T:System.Json.JsonValue" /> used to initialize the <see cref="T:System.Byte" /> object.</param>
      <exception cref="T:System.InvalidCastException">The <see cref="P:System.Json.JsonValue.JsonType" /> of <paramref name="value" /> is not a <see cref="F:System.Json.JsonType.Number" /> and so cannot be cast to <see cref="T:System.Byte" />.</exception>
    </member>
    <member name="M:System.Json.JsonValue.op_Implicit(System.Json.JsonValue)~System.Uri">
      <summary>Enables implicit casts from an instance of type <see cref="T:System.Json.JsonValue" /> to a <see cref="T:System.Uri" /> object.</summary>
      <returns>The <see cref="T:System.Uri" /> initialized with the <see cref="T:System.Json.JsonValue" /> value specified, or null if <paramref name="value" /> is null.</returns>
      <param name="value">The instance of <see cref="T:System.Json.JsonValue" /> used to initialize the <see cref="T:System.Uri" /> object.</param>
      <exception cref="T:System.InvalidCastException">The <see cref="P:System.Json.JsonValue.JsonType" /> of <paramref name="value" /> is not a <see cref="F:System.Json.JsonType.String" /> and so cannot be cast to <see cref="T:System.Uri" />.</exception>
    </member>
    <member name="M:System.Json.JsonValue.op_Implicit(System.Json.JsonValue)~System.UInt16">
      <summary>Enables implicit casts from an instance of type <see cref="T:System.Json.JsonValue" /> to a <see cref="T:System.UInt16" /> object.</summary>
      <returns>The <see cref="T:System.UInt16" /> initialized with the <see cref="T:System.Json.JsonValue" /> value specified.</returns>
      <param name="value">The instance of <see cref="T:System.Json.JsonValue" /> used to initialize the <see cref="T:System.UInt16" /> object. </param>
      <exception cref="T:System.InvalidCastException">The <see cref="P:System.Json.JsonValue.JsonType" /> of <paramref name="value" /> is not a <see cref="F:System.Json.JsonType.Number" /> and so cannot be cast to <see cref="T:System.UInt16" />.</exception>
    </member>
    <member name="M:System.Json.JsonValue.op_Implicit(System.Json.JsonValue)~System.UInt32">
      <summary>Enables implicit casts from an instance of type <see cref="T:System.Json.JsonValue" /> to a <see cref="T:System.UInt32" /> object.</summary>
      <returns>The <see cref="T:System.UInt32" /> initialized with the <see cref="T:System.Json.JsonValue" /> value specified.</returns>
      <param name="value">The instance of <see cref="T:System.Json.JsonValue" /> used to initialize the <see cref="T:System.UInt32" /> object. </param>
      <exception cref="T:System.InvalidCastException">The <see cref="P:System.Json.JsonValue.JsonType" /> of <paramref name="value" /> is not a <see cref="F:System.Json.JsonType.Number" /> and so cannot be cast to <see cref="T:System.UInt32" />.</exception>
    </member>
    <member name="M:System.Json.JsonValue.op_Implicit(System.Json.JsonValue)~System.Int16">
      <summary>Enables implicit casts from an instance of type <see cref="T:System.Json.JsonValue" /> to a <see cref="T:System.Int16" /> object.</summary>
      <returns>The <see cref="T:System.Int16" /> initialized with the <see cref="T:System.Json.JsonValue" /> value specified.</returns>
      <param name="value">The instance of <see cref="T:System.Json.JsonValue" /> used to initialize the <see cref="T:System.Int16" /> object. </param>
      <exception cref="T:System.InvalidCastException">The <see cref="P:System.Json.JsonValue.JsonType" /> of <paramref name="value" /> is not a <see cref="F:System.Json.JsonType.Number" /> and so cannot be cast to <see cref="T:System.Int16" />.</exception>
    </member>
    <member name="M:System.Json.JsonValue.op_Implicit(System.Json.JsonValue)~System.Guid">
      <summary>Enables implicit casts from an instance of type <see cref="T:System.Json.JsonValue" /> to a <see cref="T:System.Guid" /> object.</summary>
      <returns>The <see cref="T:System.Guid" /> initialized with the <see cref="T:System.Json.JsonValue" /> value specified.</returns>
      <param name="value">The instance of <see cref="T:System.Json.JsonValue" /> used to initialize the <see cref="T:System.Guid" /> object. </param>
      <exception cref="T:System.InvalidCastException">The <see cref="P:System.Json.JsonValue.JsonType" /> of <paramref name="value" /> is not a <see cref="F:System.Json.JsonType.String" /> and so cannot be cast to <see cref="T:System.Guid" />.</exception>
    </member>
    <member name="M:System.Json.JsonValue.op_Implicit(System.SByte)~System.Json.JsonValue">
      <summary>Enables implicit casts from type <see cref="T:System.SByte" /> to a <see cref="T:System.JsonPrimitive" />.</summary>
      <returns>The <see cref="T:System.Json.JsonValue" /> initialized with the <see cref="T:System.SByte" /> specified.</returns>
      <param name="value">The <see cref="T:System.SByte" /> instance used to initialize the <see cref="T:System.JsonPrimitive" />.</param>
    </member>
    <member name="M:System.Json.JsonValue.op_Implicit(System.Single)~System.Json.JsonValue">
      <summary>Enables implicit casts from type <see cref="T:System.Single" /> to a <see cref="T:System.JsonPrimitive" />.</summary>
      <returns>The <see cref="T:System.Json.JsonValue" /> initialized with the <see cref="T:System.Single" /> specified.</returns>
      <param name="value">The <see cref="T:System.Single" /> instance used to initialize the <see cref="T:System.JsonPrimitive" />.</param>
    </member>
    <member name="M:System.Json.JsonValue.op_Implicit(System.String)~System.Json.JsonValue">
      <summary>Enables implicit casts from type <see cref="T:System.String" /> to a <see cref="T:System.JsonPrimitive" />.</summary>
      <returns>The <see cref="T:System.Json.JsonValue" /> initialized with the <see cref="T:System.String" /> specified, or null if <paramref name="value" /> is null.</returns>
      <param name="value">The <see cref="T:System.String" /> instance used to initialize the <see cref="T:System.JsonPrimitive" />.</param>
    </member>
    <member name="M:System.Json.JsonValue.op_Implicit(System.TimeSpan)~System.Json.JsonValue">
      <summary>Enables implicit casts from type <see cref="T:System.Timespan" /> to a <see cref="T:System.JsonPrimitive" />.</summary>
      <returns>The <see cref="T:System.Json.JsonValue" /> initialized with the <see cref="T:System.Timespan" /> specified.</returns>
      <param name="value">The <see cref="T:System.Timespan" /> instance used to initialize the <see cref="T:System.JsonPrimitive" />.</param>
    </member>
    <member name="M:System.Json.JsonValue.op_Implicit(System.UInt16)~System.Json.JsonValue">
      <summary>Enables implicit casts from type <see cref="T:System.UInt16" /> to a <see cref="T:System.JsonPrimitive" />.</summary>
      <returns>The <see cref="T:System.Json.JsonValue" /> initialized with the <see cref="T:System.UInt16" /> specified.</returns>
      <param name="value">The <see cref="T:System.UInt16" /> instance used to initialize the <see cref="T:System.JsonPrimitive" />.</param>
    </member>
    <member name="M:System.Json.JsonValue.op_Implicit(System.UInt32)~System.Json.JsonValue">
      <summary>Enables implicit casts from type <see cref="T:System.UInt32" /> to a <see cref="T:System.JsonPrimitive" />.</summary>
      <returns>The <see cref="T:System.Json.JsonValue" /> initialized with the <see cref="T:System.UInt32" /> specified.</returns>
      <param name="value">The <see cref="T:System.UInt32" /> instance used to initialize the <see cref="T:System.JsonPrimitive" />.</param>
    </member>
    <member name="M:System.Json.JsonValue.op_Implicit(System.UInt64)~System.Json.JsonValue">
      <summary>Enables implicit casts from type <see cref="T:System.UInt64" /> to a <see cref="T:System.JsonPrimitive" />.</summary>
      <returns>The <see cref="T:System.Json.JsonValue" /> initialized with the <see cref="T:System.UInt64" /> specified.</returns>
      <param name="value">The <see cref="T:System.UInt64" /> instance used to initialize the <see cref="T:System.JsonPrimitive" />.</param>
    </member>
    <member name="M:System.Json.JsonValue.op_Implicit(System.Uri)~System.Json.JsonValue">
      <summary>Enables implicit casts from type <see cref="T:System.Uri" /> to a <see cref="T:System.JsonPrimitive" />.</summary>
      <returns>The <see cref="T:System.Json.JsonValue" /> initialized with the <see cref="T:System.Uri" /> specified, or null if <paramref name="value" /> is null.</returns>
      <param name="value">The <see cref="T:System.Uri" /> instance used to initialize the <see cref="T:System.JsonPrimitive" />.</param>
    </member>
    <member name="M:System.Json.JsonValue.Parse(System.String)">
      <summary>Deserializes text-based JSON into a JSON CLR type.</summary>
      <returns>The <see cref="T:System.Json.JsonValue" /> object that represents the parsed text-based JSON as a CLR type. </returns>
      <param name="jsonString">The text-based JSON to be parsed into a JSON CLR type.</param>
      <exception cref="T:System.ArgumentException">The length of <paramref name="jsonString" /> is zero.</exception>
      <exception cref="T:System.ArgumentNullException">
        <paramref name="jsonString" /> is null.</exception>
    </member>
    <member name="M:System.Json.JsonValue.Save(System.IO.Stream)">
      <summary>When implemented in a derived class, serializes the <see cref="T:System.Json.JsonValue" /> CLR type into text-based JSON using a stream.</summary>
      <param name="stream">Stream to which to write text-based JSON.</param>
    </member>
    <member name="M:System.Json.JsonValue.Save(System.IO.TextWriter)">
      <summary>Serializes the <see cref="T:System.Json.JsonValue" /> CLR type into text-based JSON using a text writer.</summary>
      <param name="textWriter">The <see cref="T:System.IO.TextWriter" /> used to write text-based JSON.</param>
      <exception cref="T:System.ArgumentNullException">
        <paramref name="textWriter" /> is null.</exception>
    </member>
    <member name="M:System.Json.JsonValue.System#Collections#IEnumerable#GetEnumerator">
      <summary>This method is not supported for this base class and throws an exception. </summary>
      <returns>
An <see cref="T:System.Collections.IEnumerator" />.
</returns>
    </member>
    <member name="M:System.Json.JsonValue.ToString">
      <summary>Saves (serializes) this JSON CLR type into text-based JSON.</summary>
      <returns>
Returns <see cref="T:System.String" />, which contains text-based JSON.</returns>
    </member>
  </members>
</doc>